document_id,filename,title,publisher,source_url,animal_or_topic,page_count,file_type,license_or_usage_status,redistribution_status,date_accessed,license_evidence_url,redistribution_evidence,notes
doc_bald_eagle,bald_eagle_factsheet.pdf,U.S. Fish & Wildlife Service Species Fact Sheet: Bald Eagle (Haliaeetus leucocephalus),U.S. Fish and Wildlife Service,https://www.fws.gov/sites/default/files/documents/bald-eagle-fact-sheet.pdf,Bald Eagle (Haliaeetus leucocephalus),2,pdf,"Public Domain (U.S. Federal Government Work, 17 U.S.C. § 105)",Approved for Redistribution,2026-09-30,https://www.fws.gov/media/bald-eagle-fact-sheet,Official U.S. Fish and Wildlife Service media repository landing page lists the publication as an unencumbered federal government publication.,"Covers bald eagle biology, habitat, ESA recovery success, and protection under the Bald and Golden Eagle Protection Act."
doc_bald_eagle_lead_exposure,bald_eagle_lead_exposure.pdf,"Lead Exposure in Bald Eagles from Big Game Hunting, Continental Implications and Successful Mitigation Efforts",PLOS ONE,https://journals.plos.org/plosone/article/file?id=10.1371/journal.pone.0051978&type=printable,Bald Eagle (Haliaeetus leucocephalus) Conservation & Toxicology,10,pdf,Creative Commons Attribution License (CC-BY 4.0),Approved for Redistribution,2026-09-30,https://journals.plos.org/plosone/article?id=10.1371/journal.pone.0051978,"PLOS ONE open-access statement: Copyright is retained by the authors, licensed under CC-BY 4.0 allowing unrestricted reuse and redistribution with proper attribution.",Peer-reviewed research studying lead ammunition ingestion by bald eagles and non-lead ammunition mitigation strategies. Semantic overlap with doc_bald_eagle.
doc_monarch_butterfly,monarch_butterfly_factsheet.pdf,U.S. Fish & Wildlife Service: Fly into Action - How You Can Help the Monarch Butterfly,U.S. Fish and Wildlife Service,https://www.fws.gov/sites/default/files/documents/2024-12/monarch-fly-into-action-factsheet.pdf,Monarch Butterfly (Danaus plexippus),1,pdf,"Public Domain (U.S. Federal Government Work, 17 U.S.C. § 105)",Approved for Redistribution,2026-09-30,https://www.fws.gov/media/fly-action-how-you-can-help-monarch-butterfly,Official U.S. Fish and Wildlife Service media repository landing page explicitly specifies Rights/License: Public Domain.,"Invertebrate factsheet explaining monarch metamorphosis, milkweed dependence, multi-generational migration, and pollinator conservation."
doc_monarch_flight_performance,monarch_flight_performance.pdf,The Redder the Better: Wing Color Predicts Flight Performance in Monarch Butterflies,PLOS ONE,https://journals.plos.org/plosone/article/file?id=10.1371/journal.pone.0041323&type=printable,Monarch Butterfly (Danaus plexippus) Migration Physiology,6,pdf,Creative Commons Attribution License (CC-BY 4.0),Approved for Redistribution,2026-09-30,https://journals.plos.org/plosone/article?id=10.1371/journal.pone.0041323,PLOS ONE open-access article page explicitly specifies CC-BY 4.0 license allowing free redistribution and adaptation.,Experimental study analyzing monarch wing pigmentation and long-distance flight endurance during autumn migration. Semantic overlap with doc_monarch_butterfly.
doc_monarch_butterfly_ecology,monarch_butterfly_ecology.pdf,Insect Conservation & Migration Challenges for Monarch Butterflies,Frontiers in Ecology and Evolution,https://www.frontiersin.org/articles/10.3389/fevo.2020.00263/pdf,Monarch Butterfly Ecology & Climate Vulnerability,5,pdf,Creative Commons Attribution License (CC-BY 4.0),Approved for Redistribution,2026-09-30,https://www.frontiersin.org/articles/10.3389/fevo.2020.00263/full,"Frontiers open-access policy: Published under CC-BY 4.0 granting full rights to download, copy, distribute, and reproduce with citation.",Ecological research on monarch population dynamics and habitat restoration. Semantic overlap with doc_monarch_butterfly and doc_monarch_flight_performance.
doc_humpback_whale_foraging,humpback_whale_foraging.pdf,Humpback Whale Song and Foraging Behavior on an Antarctic Feeding Ground,PLOS ONE,https://journals.plos.org/plosone/article/file?id=10.1371/journal.pone.0051214&type=printable,Humpback Whale (Megaptera novaeangliae) Acoustics & Ecology,8,pdf,Creative Commons Attribution License (CC-BY 4.0),Approved for Redistribution,2026-09-30,https://journals.plos.org/plosone/article?id=10.1371/journal.pone.0051214,"PLOS ONE open-access license notice: CC-BY 4.0 allows unrestricted reuse, redistribution, and reproduction in any medium.",Marine cetacean study documenting acoustic song production during polar feeding behavior and prey density interactions.
doc_sea_turtle_ecology,sea_turtle_ecology.pdf,Green Sea Turtle Foraging Ecology and Marine Habitat Dynamics,Frontiers in Marine Science,https://www.frontiersin.org/articles/10.3389/fmars.2020.00201/pdf,Green Sea Turtle (Chelonia mydas) Foraging & Marine Ecology,13,pdf,Creative Commons Attribution License (CC-BY 4.0),Approved for Redistribution,2026-09-30,https://www.frontiersin.org/articles/10.3389/fmars.2020.00201/full,Frontiers open-access license: CC-BY 4.0 grants permission to copy and redistribute the material in any format.,"Marine reptile study examining juvenile sea turtle diet, seagrass habitat utilization, and coastal ecosystem dependencies."
doc_sea_turtle_nest_monitoring,sea_turtle_nest_monitoring.pdf,Use of a Scent-Detection Dog for Sea Turtle Nest Monitoring of Three Species in Florida,PLOS ONE,https://journals.plos.org/plosone/article/file?id=10.1371/journal.pone.0290740&type=printable,Sea Turtle Reproductive Biology & Nesting Conservation,17,pdf,Creative Commons Attribution License (CC-BY 4.0),Approved for Redistribution,2026-09-30,https://journals.plos.org/plosone/article?id=10.1371/journal.pone.0290740,PLOS ONE open-access article page explicitly specifies CC-BY 4.0 license permitting unrestricted reuse with attribution.,"Coastal conservation study evaluating non-invasive canine scent detection for loggerhead, green, and leatherback sea turtle nests. Semantic overlap with doc_sea_turtle_ecology."
doc_african_elephant_behavior,african_elephant_behavior.pdf,Identifying Potential Measures of Stress and Disturbance During Captive to Wild African Elephant Reintegration,Frontiers in Veterinary Science,https://www.frontiersin.org/articles/10.3389/fvets.2020.00412/pdf,African Elephant (Loxodonta africana) Behavior & Conservation,11,pdf,Creative Commons Attribution License (CC-BY 4.0),Approved for Redistribution,2026-09-30,https://www.frontiersin.org/articles/10.3389/fvets.2020.00412/full,"Frontiers open-access license notice: CC-BY 4.0 permits unrestricted download, distribution, and adaptation provided original authors are cited.","Terrestrial mammal study monitoring cortisol stress markers, social herd dynamics, and wild release adaptation in African elephants."
